title,category,city,address,contact,description,price,source,source_url
巴塞罗那789厨具集团,生意,Barcelona,Alarcon 30 08930 Sant Andria del Besos Barcelona,电话: 662544789；邮箱: hosteley789@gmail.com,平台代登记商家信息，商家待认领。公开信息显示为Barcelona地区餐饮设备/厨具供应商，适合百元店、仓库或相关商家对接货源。资料来自西班牙同城网百货贸易公开页面。,面议,xbyhr.com wholesale directory,https://www.xbyhr.com/S321978.html
吉祥鸟集团,生意,Barcelona,INDUSTRIA 494 BADALONA,电话: 653786308,平台代登记商家信息，商家待认领。公开信息显示为Barcelona地区百货/小商品批发供应商，适合百元店、仓库或相关商家对接货源。资料来自西班牙同城网百货贸易公开页面。,面议,xbyhr.com wholesale directory,https://www.xbyhr.com/S321977.html
巴塞罗那精品家具公司,生意,Barcelona,"Carrer Trafalgar,53b,08010,Barcelona",电话: 654 471 090 / 931 401 452；邮箱: lin@soundsilencedesign.com,平台代登记商家信息，商家待认领。公开信息显示为Barcelona地区家具/家居类批发供应商，适合百元店、仓库或相关商家对接货源。资料来自西班牙同城网百货贸易公开页面。,面议,xbyhr.com wholesale directory,https://www.xbyhr.com/S321853.html
奥鑫贸易,生意,Málaga,CONCEPCION ARENAL N.20,电话: 608656444,平台代登记商家信息，商家待认领。公开信息显示为Málaga地区百货/小商品批发供应商，适合百元店、仓库或相关商家对接货源。资料来自西班牙同城网百货贸易公开页面。,面议,xbyhr.com wholesale directory,https://www.xbyhr.com/S321843.html
步步高贸易公司,生意,Valencia,BU BU GAO TRANDINC/ CUBA， 62 IZDA,电话: 963418193,平台代登记商家信息，商家待认领。公开信息显示为Valencia地区百货/小商品批发供应商，适合百元店、仓库或相关商家对接货源。资料来自西班牙同城网百货贸易公开页面。,面议,xbyhr.com wholesale directory,https://www.xbyhr.com/S321953.html
长宏贸易有限公司,生意,Valencia,CHANG HONG IMP-EXP S.L C/ CaVA MAS DE OLI. 32,电话: 961531990,平台代登记商家信息，商家待认领。公开信息显示为Valencia地区百货/小商品批发供应商，适合百元店、仓库或相关商家对接货源。资料来自西班牙同城网百货贸易公开页面。,面议,xbyhr.com wholesale directory,https://www.xbyhr.com/S321951.html
长城,生意,Valencia,C/ CUBA， 65 BAJODECHA,电话: 963805040,平台代登记商家信息，商家待认领。公开信息显示为Valencia地区百货/小商品批发供应商，适合百元店、仓库或相关商家对接货源。资料来自西班牙同城网百货贸易公开页面。,面议,xbyhr.com wholesale directory,https://www.xbyhr.com/S321952.html
NUEVA MURAllA,生意,Valencia,NUEVA MURAllA,电话: 978609903,平台代登记商家信息，商家待认领。公开信息显示为Valencia地区百货/小商品批发供应商，适合百元店、仓库或相关商家对接货源。资料来自西班牙同城网百货贸易公开页面。,面议,xbyhr.com wholesale directory,https://www.xbyhr.com/S321974.html
ALEJANDRO ZHENG,生意,Valencia,AV. DA DE NOVELDA， 159,电话: 965430562,平台代登记商家信息，商家待认领。公开信息显示为Valencia地区百货/小商品批发供应商，适合百元店、仓库或相关商家对接货源。资料来自西班牙同城网百货贸易公开页面。,面议,xbyhr.com wholesale directory,https://www.xbyhr.com/S321973.html
BAa FEl S.l,生意,Valencia,C/ SEGORBE， 9,电话: 963806817,平台代登记商家信息，商家待认领。公开信息显示为Valencia地区百货/小商品批发供应商，适合百元店、仓库或相关商家对接货源。资料来自西班牙同城网百货贸易公开页面。,面议,xbyhr.com wholesale directory,https://www.xbyhr.com/S321972.html
BalSaS ELENA.,生意,Valencia,C/ COVA MAS DE OU， 26,电话: 961523229,平台代登记商家信息，商家待认领。公开信息显示为Valencia地区百货/小商品批发供应商，适合百元店、仓库或相关商家对接货源。资料来自西班牙同城网百货贸易公开页面。,面议,xbyhr.com wholesale directory,https://www.xbyhr.com/S321971.html
COMERCIO FU XIANG S.L,生意,Valencia,C/ caVA MAS DE OLI，68,电话: 961523401,平台代登记商家信息，商家待认领。公开信息显示为Valencia地区百货/小商品批发供应商，适合百元店、仓库或相关商家对接货源。资料来自西班牙同城网百货贸易公开页面。,面议,xbyhr.com wholesale directory,https://www.xbyhr.com/S321970.html
COMERCIO VENTA POR MAYOR LA GANGA,生意,Valencia,C/ UTERATO AZORIIN，34,电话: 961546232,平台代登记商家信息，商家待认领。公开信息显示为Valencia地区百货/小商品批发供应商，适合百元店、仓库或相关商家对接货源。资料来自西班牙同城网百货贸易公开页面。,面议,xbyhr.com wholesale directory,https://www.xbyhr.com/S321969.html
COMERIAL ASIA S.L.,生意,Valencia,MOTEVEDRE， 7 LOCALl7-19 MANISES,电话: 961547723,平台代登记商家信息，商家待认领。公开信息显示为Valencia地区百货/小商品批发供应商，适合百元店、仓库或相关商家对接货源。资料来自西班牙同城网百货贸易公开页面。,面议,xbyhr.com wholesale directory,https://www.xbyhr.com/S321968.html
ENERCELL电池,生意,Valencia,C/SERRERIA，45 BAJO,电话: 963560246,平台代登记商家信息，商家待认领。公开信息显示为Valencia地区照明、电工或电子类货源供应商，适合百元店、仓库或相关商家对接货源。资料来自西班牙同城网百货贸易公开页面。,面议,xbyhr.com wholesale directory,https://www.xbyhr.com/S321967.html
GLOBOROSA INTERNACIONAL S.L,生意,Valencia,MAS DE au， 76 NAVE 5,电话: 961548018,平台代登记商家信息，商家待认领。公开信息显示为Valencia地区百货/小商品批发供应商，适合百元店、仓库或相关商家对接货源。资料来自西班牙同城网百货贸易公开页面。,面议,xbyhr.com wholesale directory,https://www.xbyhr.com/S321966.html
GRAN CHINA,生意,Valencia,C/CUBA， 61,电话: 963807294,平台代登记商家信息，商家待认领。公开信息显示为Valencia地区百货/小商品批发供应商，适合百元店、仓库或相关商家对接货源。资料来自西班牙同城网百货贸易公开页面。,面议,xbyhr.com wholesale directory,https://www.xbyhr.com/S321965.html
GRAN CIUDAD FU S.L,生意,Valencia,AV.MAS DEL OLl. 116,电话: 961525155,平台代登记商家信息，商家待认领。公开信息显示为Valencia地区百货/小商品批发供应商，适合百元店、仓库或相关商家对接货源。资料来自西班牙同城网百货贸易公开页面。,面议,xbyhr.com wholesale directory,https://www.xbyhr.com/S321964.html
HERMANAS,生意,Valencia,C/ CUBA. 22 BAJO,电话: 963281163,平台代登记商家信息，商家待认领。公开信息显示为Valencia地区百货/小商品批发供应商，适合百元店、仓库或相关商家对接货源。资料来自西班牙同城网百货贸易公开页面。,面议,xbyhr.com wholesale directory,https://www.xbyhr.com/S321963.html
HONG DA S.L,生意,Valencia,C/ITERATO AZORIN， 39 BAJO,电话: 963809235,平台代登记商家信息，商家待认领。公开信息显示为Valencia地区百货/小商品批发供应商，适合百元店、仓库或相关商家对接货源。资料来自西班牙同城网百货贸易公开页面。,面议,xbyhr.com wholesale directory,https://www.xbyhr.com/S321962.html
JIA HUA IMPORT & EXPORT,生意,Valencia,AV. DE LACaVA， 35,电话: 961521338,平台代登记商家信息，商家待认领。公开信息显示为Valencia地区百货/小商品批发供应商，适合百元店、仓库或相关商家对接货源。资料来自西班牙同城网百货贸易公开页面。,面议,xbyhr.com wholesale directory,https://www.xbyhr.com/S321961.html
JIN LI DA S.L,生意,Valencia,C/ UTERATO AZORIIN，34,电话: 963802309,平台代登记商家信息，商家待认领。公开信息显示为Valencia地区百货/小商品批发供应商，适合百元店、仓库或相关商家对接货源。资料来自西班牙同城网百货贸易公开页面。,面议,xbyhr.com wholesale directory,https://www.xbyhr.com/S321960.html
JOYOTO S.L,生意,Valencia,C/ COVA MAS DE OLI， 56,电话: 961526306,平台代登记商家信息，商家待认领。公开信息显示为Valencia地区百货/小商品批发供应商，适合百元店、仓库或相关商家对接货源。资料来自西班牙同城网百货贸易公开页面。,面议,xbyhr.com wholesale directory,https://www.xbyhr.com/S321959.html
LIN SHI S.L,生意,Valencia,C/COVA MAS DE OLI，40V 48,电话: 961534136,平台代登记商家信息，商家待认领。公开信息显示为Valencia地区百货/小商品批发供应商，适合百元店、仓库或相关商家对接货源。资料来自西班牙同城网百货贸易公开页面。,面议,xbyhr.com wholesale directory,https://www.xbyhr.com/S321958.html
S. M. K,生意,Valencia,C/ CUBA， 43,电话: 963250724,平台代登记商家信息，商家待认领。公开信息显示为Valencia地区百货/小商品批发供应商，适合百元店、仓库或相关商家对接货源。资料来自西班牙同城网百货贸易公开页面。,面议,xbyhr.com wholesale directory,https://www.xbyhr.com/S321957.html
SHENG PING Z.W.,生意,Valencia,C/FRAY JUNIPERO SERRA， 57 BAJO,电话: 963837710,平台代登记商家信息，商家待认领。公开信息显示为Valencia地区百货/小商品批发供应商，适合百元店、仓库或相关商家对接货源。资料来自西班牙同城网百货贸易公开页面。,面议,xbyhr.com wholesale directory,https://www.xbyhr.com/S321956.html
YI XI OU S.L,生意,Valencia,C/ LTTE RATO AZORIN， 33,电话: 963809139,平台代登记商家信息，商家待认领。公开信息显示为Valencia地区百货/小商品批发供应商，适合百元店、仓库或相关商家对接货源。资料来自西班牙同城网百货贸易公开页面。,面议,xbyhr.com wholesale directory,https://www.xbyhr.com/S321955.html
宝菲贸易公司,生意,Valencia,BAO FEI BISUTERIAC/ SEGORBE，9,电话: 963806817,平台代登记商家信息，商家待认领。公开信息显示为Valencia地区百货/小商品批发供应商，适合百元店、仓库或相关商家对接货源。资料来自西班牙同城网百货贸易公开页面。,面议,xbyhr.com wholesale directory,https://www.xbyhr.com/S321954.html
大富豪国际贸易有限公司,生意,Valencia,LA RIQUEZA S.L C/COVA MAS DE OLI150,电话: 961544088,平台代登记商家信息，商家待认领。公开信息显示为Valencia地区百货/小商品批发供应商，适合百元店、仓库或相关商家对接货源。资料来自西班牙同城网百货贸易公开页面。,面议,xbyhr.com wholesale directory,https://www.xbyhr.com/S321950.html
大世界集团,生意,Valencia,GRAN MUNDO S.L C/ AVDA. MAS DE OLI， 19B,电话: 961530312,平台代登记商家信息，商家待认领。公开信息显示为Valencia地区百货/小商品批发供应商，适合百元店、仓库或相关商家对接货源。资料来自西班牙同城网百货贸易公开页面。,面议,xbyhr.com wholesale directory,https://www.xbyhr.com/S321949.html
迪科照明,生意,Valencia,TECNOLUX EUROPA S.L C/DELS TRAGINERS，39,电话: 961504150,平台代登记商家信息，商家待认领。公开信息显示为Valencia地区照明、电工或电子类货源供应商，适合百元店、仓库或相关商家对接货源。资料来自西班牙同城网百货贸易公开页面。,面议,xbyhr.com wholesale directory,https://www.xbyhr.com/S321948.html
地中海,生意,Valencia,C/ CUBA， 44 BAJO,电话: 963412630,平台代登记商家信息，商家待认领。公开信息显示为Valencia地区百货/小商品批发供应商，适合百元店、仓库或相关商家对接货源。资料来自西班牙同城网百货贸易公开页面。,面议,xbyhr.com wholesale directory,https://www.xbyhr.com/S321893.html
鼎丰贸易,生意,Valencia,DING FENG 8118 S.L C/ COVA MAS DE OLI， 154,电话: 961549684,平台代登记商家信息，商家待认领。公开信息显示为Valencia地区百货/小商品批发供应商，适合百元店、仓库或相关商家对接货源。资料来自西班牙同城网百货贸易公开页面。,面议,xbyhr.com wholesale directory,https://www.xbyhr.com/S321892.html
东方贸易,生意,Valencia,c/ CUBA， 47,电话: 963412979,平台代登记商家信息，商家待认领。公开信息显示为Valencia地区百货/小商品批发供应商，适合百元店、仓库或相关商家对接货源。资料来自西班牙同城网百货贸易公开页面。,面议,xbyhr.com wholesale directory,https://www.xbyhr.com/S321891.html
东星贸易公司,生意,Valencia,ESTRELLA ORENT AL S. L C/ LITERATO AZORIN， 36 BAJO IZQ,电话: 963420567,平台代登记商家信息，商家待认领。公开信息显示为Valencia地区百货/小商品批发供应商，适合百元店、仓库或相关商家对接货源。资料来自西班牙同城网百货贸易公开页面。,面议,xbyhr.com wholesale directory,https://www.xbyhr.com/S321890.html
飞华实业,生意,Valencia,AV. MAS DEL OLI. 148,电话: 961548700,平台代登记商家信息，商家待认领。公开信息显示为Valencia地区百货/小商品批发供应商，适合百元店、仓库或相关商家对接货源。资料来自西班牙同城网百货贸易公开页面。,面议,xbyhr.com wholesale directory,https://www.xbyhr.com/S321889.html
富都商行,生意,Valencia,C/ CUBA， 67 BAJO,电话: 963807015,平台代登记商家信息，商家待认领。公开信息显示为Valencia地区百货/小商品批发供应商，适合百元店、仓库或相关商家对接货源。资料来自西班牙同城网百货贸易公开页面。,面议,xbyhr.com wholesale directory,https://www.xbyhr.com/S321888.html
海胜公司,生意,Valencia,HAl SHENG S.LC/ CAMP DE MOTEVEDRE， 7 LOCAL7,电话: 961521623,平台代登记商家信息，商家待认领。公开信息显示为Valencia地区百货/小商品批发供应商，适合百元店、仓库或相关商家对接货源。资料来自西班牙同城网百货贸易公开页面。,面议,xbyhr.com wholesale directory,https://www.xbyhr.com/S321887.html
恒丰贸易公司,生意,Valencia,C/ LITERATO AZORIN， 35,电话: 963808938,平台代登记商家信息，商家待认领。公开信息显示为Valencia地区百货/小商品批发供应商，适合百元店、仓库或相关商家对接货源。资料来自西班牙同城网百货贸易公开页面。,面议,xbyhr.com wholesale directory,https://www.xbyhr.com/S321886.html
恒通国际贸易有限公司,生意,Valencia,C/ CUBA， 49 DCHA,电话: 963364549,平台代登记商家信息，商家待认领。公开信息显示为Valencia地区百货/小商品批发供应商，适合百元店、仓库或相关商家对接货源。资料来自西班牙同城网百货贸易公开页面。,面议,xbyhr.com wholesale directory,https://www.xbyhr.com/S321885.html
宏恩贸易公司,生意,Valencia,C/ LITERATO AZORIN， 30,电话: 963804042,平台代登记商家信息，商家待认领。公开信息显示为Valencia地区百货/小商品批发供应商，适合百元店、仓库或相关商家对接货源。资料来自西班牙同城网百货贸易公开页面。,面议,xbyhr.com wholesale directory,https://www.xbyhr.com/S321884.html
佳万顺贸易公司,生意,Valencia,IA WAN SHUN TRADE XO c/ LITERATO AlORIN 30(A),电话: 963412092,平台代登记商家信息，商家待认领。公开信息显示为Valencia地区百货/小商品批发供应商，适合百元店、仓库或相关商家对接货源。资料来自西班牙同城网百货贸易公开页面。,面议,xbyhr.com wholesale directory,https://www.xbyhr.com/S321883.html
金地球国际有限公司,生意,Valencia,AV. MAS DE L’OLI. 76 NAVE 5,电话: 961548018,平台代登记商家信息，商家待认领。公开信息显示为Valencia地区百货/小商品批发供应商，适合百元店、仓库或相关商家对接货源。资料来自西班牙同城网百货贸易公开页面。,面议,xbyhr.com wholesale directory,https://www.xbyhr.com/S321882.html
九龙进出口公司,生意,Valencia,C/ DE LOS DERECHOS， 22,电话: 963921322,平台代登记商家信息，商家待认领。公开信息显示为Valencia地区百货/小商品批发供应商，适合百元店、仓库或相关商家对接货源。资料来自西班牙同城网百货贸易公开页面。,面议,xbyhr.com wholesale directory,https://www.xbyhr.com/S321881.html
蓝天国际商贸有限公司,生意,Valencia,LANTIAN II\APORT S.L C/ CUBA， 34 BAJO,电话: 963422939,平台代登记商家信息，商家待认领。公开信息显示为Valencia地区百货/小商品批发供应商，适合百元店、仓库或相关商家对接货源。资料来自西班牙同城网百货贸易公开页面。,面议,xbyhr.com wholesale directory,https://www.xbyhr.com/S321880.html
龙马精神国际贸易,生意,Valencia,LONG MA JING SHEN S.L C/ LITERATO AlORIN， 34,电话: 963410392,平台代登记商家信息，商家待认领。公开信息显示为Valencia地区百货/小商品批发供应商，适合百元店、仓库或相关商家对接货源。资料来自西班牙同城网百货贸易公开页面。,面议,xbyhr.com wholesale directory,https://www.xbyhr.com/S321879.html
美伦美,生意,Valencia,C/ CUBA， 65 BAJO IlQUI,电话: 963806484,平台代登记商家信息，商家待认领。公开信息显示为Valencia地区百货/小商品批发供应商，适合百元店、仓库或相关商家对接货源。资料来自西班牙同城网百货贸易公开页面。,面议,xbyhr.com wholesale directory,https://www.xbyhr.com/S321878.html
梦思远国际贸易公司,生意,Valencia,C/ MSY SLAV/MAS DEL OU， 64,电话: 961548135,平台代登记商家信息，商家待认领。公开信息显示为Valencia地区百货/小商品批发供应商，适合百元店、仓库或相关商家对接货源。资料来自西班牙同城网百货贸易公开页面。,面议,xbyhr.com wholesale directory,https://www.xbyhr.com/S321877.html
欧利来,生意,Valencia,C/ CUBA， 59 BAJO,电话: 963806136,平台代登记商家信息，商家待认领。公开信息显示为Valencia地区百货/小商品批发供应商，适合百元店、仓库或相关商家对接货源。资料来自西班牙同城网百货贸易公开页面。,面议,xbyhr.com wholesale directory,https://www.xbyhr.com/S321876.html
干禧,生意,Valencia,C/ UTERATO AlORIN， 35 BAJO,电话: 963285038,平台代登记商家信息，商家待认领。公开信息显示为Valencia地区百货/小商品批发供应商，适合百元店、仓库或相关商家对接货源。资料来自西班牙同城网百货贸易公开页面。,面议,xbyhr.com wholesale directory,https://www.xbyhr.com/S321875.html
胜达贸易有限公司,生意,Valencia,CONFECCION SHENG DAIMAPORT EXPORTC/ CUBA， 34 DCHA,电话: 963412633,平台代登记商家信息，商家待认领。公开信息显示为Valencia地区百货/小商品批发供应商，适合百元店、仓库或相关商家对接货源。资料来自西班牙同城网百货贸易公开页面。,面议,xbyhr.com wholesale directory,https://www.xbyhr.com/S321874.html
泰和贸易公司,生意,Valencia,JOYOTO S.LAV. MAS DEL OU， 56,电话: 961526306,平台代登记商家信息，商家待认领。公开信息显示为Valencia地区百货/小商品批发供应商，适合百元店、仓库或相关商家对接货源。资料来自西班牙同城网百货贸易公开页面。,面议,xbyhr.com wholesale directory,https://www.xbyhr.com/S321873.html
万事达贸易公司,生意,Valencia,IMPORT-EXPORT S.L c/ LA COVA， 76B,电话: 961549166,平台代登记商家信息，商家待认领。公开信息显示为Valencia地区百货/小商品批发供应商，适合百元店、仓库或相关商家对接货源。资料来自西班牙同城网百货贸易公开页面。,面议,xbyhr.com wholesale directory,https://www.xbyhr.com/S321871.html
万事通贸易公司,生意,Valencia,C/ CUBA， 51,电话: 963201486,平台代登记商家信息，商家待认领。公开信息显示为Valencia地区百货/小商品批发供应商，适合百元店、仓库或相关商家对接货源。资料来自西班牙同城网百货贸易公开页面。,面议,xbyhr.com wholesale directory,https://www.xbyhr.com/S321870.html
旺角,生意,Valencia,C/ CUBA， 45 BAJO,电话: 963806836,平台代登记商家信息，商家待认领。公开信息显示为Valencia地区百货/小商品批发供应商，适合百元店、仓库或相关商家对接货源。资料来自西班牙同城网百货贸易公开页面。,面议,xbyhr.com wholesale directory,https://www.xbyhr.com/S321869.html
温州贸易,生意,Valencia,TIEMPO DE PRIMAVERA S.L C/ MAESTRAT， 2,电话: 961539727,平台代登记商家信息，商家待认领。公开信息显示为Valencia地区百货/小商品批发供应商，适合百元店、仓库或相关商家对接货源。资料来自西班牙同城网百货贸易公开页面。,面议,xbyhr.com wholesale directory,https://www.xbyhr.com/S321868.html
温州贸易商行,生意,Valencia,BAEAR EURO WEN ZHOU S. L C/ ALICANTE， 23,电话: 963416805,平台代登记商家信息，商家待认领。公开信息显示为Valencia地区百货/小商品批发供应商，适合百元店、仓库或相关商家对接货源。资料来自西班牙同城网百货贸易公开页面。,面议,xbyhr.com wholesale directory,https://www.xbyhr.com/S321867.html
西班牙东贸进出口公司,生意,Valencia,IMPORTACION ORIENTAL S.LAV. LA COVA， 114,电话: 961524164,平台代登记商家信息，商家待认领。公开信息显示为Valencia地区百货/小商品批发供应商，适合百元店、仓库或相关商家对接货源。资料来自西班牙同城网百货贸易公开页面。,面议,xbyhr.com wholesale directory,https://www.xbyhr.com/S321866.html
西班牙飞华实业有限公司,生意,Valencia,FEI HUA S.L C/ COVA MAS DE OLI， 148,电话: 961548700,平台代登记商家信息，商家待认领。公开信息显示为Valencia地区百货/小商品批发供应商，适合百元店、仓库或相关商家对接货源。资料来自西班牙同城网百货贸易公开页面。,面议,xbyhr.com wholesale directory,https://www.xbyhr.com/S321865.html
西班牙凤凰皮件有限公司,生意,Valencia,BOLSOFENIX J&L S.LC/ COVA MAS DE 0LI，22,电话: 961523580,平台代登记商家信息，商家待认领。公开信息显示为Valencia地区百货/小商品批发供应商，适合百元店、仓库或相关商家对接货源。资料来自西班牙同城网百货贸易公开页面。,面议,xbyhr.com wholesale directory,https://www.xbyhr.com/S321864.html
西班牙和兴贸易公司,生意,Valencia,ARTY 2001 S.L AV. MAS DE OLI， 174,电话: 961531610,平台代登记商家信息，商家待认领。公开信息显示为Valencia地区百货/小商品批发供应商，适合百元店、仓库或相关商家对接货源。资料来自西班牙同城网百货贸易公开页面。,面议,xbyhr.com wholesale directory,https://www.xbyhr.com/S321863.html
新朝贸易有限公司,生意,Valencia,C/ CONVENTO JRUSALEN， 17,电话: 963944048,平台代登记商家信息，商家待认领。公开信息显示为Valencia地区百货/小商品批发供应商，适合百元店、仓库或相关商家对接货源。资料来自西班牙同城网百货贸易公开页面。,面议,xbyhr.com wholesale directory,https://www.xbyhr.com/S321861.html
新时代,生意,Valencia,C/ CUBA， 60-62 BAJO,电话: 963418370,平台代登记商家信息，商家待认领。公开信息显示为Valencia地区百货/小商品批发供应商，适合百元店、仓库或相关商家对接货源。资料来自西班牙同城网百货贸易公开页面。,面议,xbyhr.com wholesale directory,https://www.xbyhr.com/S321860.html
兄弟贸易,生意,Valencia,AV. DE LA COVA， 162,电话: 961537810,平台代登记商家信息，商家待认领。公开信息显示为Valencia地区百货/小商品批发供应商，适合百元店、仓库或相关商家对接货源。资料来自西班牙同城网百货贸易公开页面。,面议,xbyhr.com wholesale directory,https://www.xbyhr.com/S321858.html
永利贸易进出口公司.,生意,Valencia,C/ CONVENTO JER-USALN， 18 BAJO,电话: 963515541,平台代登记商家信息，商家待认领。公开信息显示为Valencia地区百货/小商品批发供应商，适合百元店、仓库或相关商家对接货源。资料来自西班牙同城网百货贸易公开页面。,面议,xbyhr.com wholesale directory,https://www.xbyhr.com/S321856.html
远东行商场,生意,Valencia,C/ LOS CENTELLES， 62,电话: 963416797,平台代登记商家信息，商家待认领。公开信息显示为Valencia地区百货/小商品批发供应商，适合百元店、仓库或相关商家对接货源。资料来自西班牙同城网百货贸易公开页面。,面议,xbyhr.com wholesale directory,https://www.xbyhr.com/S321855.html
太极集团,生意,Valencia,TAIJI 888 S.LC/ POL. IND. FRANCOU PARCELA， 16 NAVE 3,电话: 977557227,平台代登记商家信息，商家待认领。公开信息显示为Valencia地区百货/小商品批发供应商，适合百元店、仓库或相关商家对接货源。资料来自西班牙同城网百货贸易公开页面。,面议,xbyhr.com wholesale directory,https://www.xbyhr.com/S321850.html
智慧,生意,Alicante,CI ROLDAN， 2,电话: 965866219,平台代登记商家信息，商家待认领。公开信息显示为Alicante地区百货/小商品批发供应商，适合百元店、仓库或相关商家对接货源。资料来自西班牙同城网百货贸易公开页面。,面议,xbyhr.com wholesale directory,https://www.xbyhr.com/S321849.html
WAN LI GROUP,生意,Tarragona,C/ POL. FRANCOU PARCELA， 15 NAVE 8,电话: 638418233,平台代登记商家信息，商家待认领。公开信息显示为Tarragona地区百货/小商品批发供应商，适合百元店、仓库或相关商家对接货源。资料来自西班牙同城网百货贸易公开页面。,面议,xbyhr.com wholesale directory,https://www.xbyhr.com/S321851.html
grupo mundo talavera s.l,生意,Talavera,avda. portuga 78. 45600,电话: 925808955,平台代登记商家信息，商家待认领。公开信息显示为Talavera地区照明、电工或电子类货源供应商，适合百元店、仓库或相关商家对接货源。资料来自西班牙同城网百货贸易公开页面。,面议,xbyhr.com wholesale directory,https://www.xbyhr.com/S321846.html
"全市场最低价，只要0,50€一双袜子",生意,全西班牙,,电话: 605848007,平台代登记商家信息，商家待认领。公开信息显示为全西班牙地区百货/小商品批发供应商，适合百元店、仓库或相关商家对接货源。资料来自西班牙同城网百货贸易公开页面。,面议,xbyhr.com wholesale directory,https://www.xbyhr.com/S1201852.html
婚纱礼服工厂,生意,全西班牙,,微信: BeadedEveningDress,平台代登记商家信息，商家待认领。公开信息显示为全西班牙地区玩具、礼品、服装或生活用品货源供应商，适合百元店、仓库或相关商家对接货源。资料来自西班牙同城网百货贸易公开页面。,面议,xbyhr.com wholesale directory,https://www.xbyhr.com/S532770.html
paintusa SL 专业喷漆批发,生意,全西班牙,,电话: 615447334,平台代登记商家信息，商家待认领。公开信息显示为全西班牙地区工业材料或专业货源供应商，适合百元店、仓库或相关商家对接货源。资料来自西班牙同城网百货贸易公开页面。,面议,xbyhr.com wholesale directory,https://www.xbyhr.com/S351253.html
永顺集团,生意,Fuenlabrada,"Calle de Corullón, 10, 28947 Fuenlabrada, Madrid",电话: 916423191；邮箱: grupofu.2008@hotmail.com,平台代登记商家信息，商家待认领。公开信息显示为Fuenlabrada地区百货/小商品批发供应商，适合百元店、仓库或相关商家对接货源。资料来自西班牙同城网百货贸易公开页面。,面议,xbyhr.com wholesale directory,https://www.xbyhr.com/S321983.html
美居雅灯饰,生意,Madrid,Calle valdeon，32 28947 Fuenlabarada Madrid,电话: 910403869 / 600208088,平台代登记商家信息，商家待认领。公开信息显示为Madrid地区照明、电工或电子类货源供应商，适合百元店、仓库或相关商家对接货源。资料来自西班牙同城网百货贸易公开页面。,面议,xbyhr.com wholesale directory,https://www.xbyhr.com/S321986.html
豪迈集团Houmaster,生意,Fuenlabrada,"Calle Villablino, 45, 28947 Fuenlabrada, España, Madrid",电话: 916421991 / 652378320,平台代登记商家信息，商家待认领。公开信息显示为Fuenlabrada地区百货/小商品批发供应商，适合百元店、仓库或相关商家对接货源。资料来自西班牙同城网百货贸易公开页面。,面议,xbyhr.com wholesale directory,https://www.xbyhr.com/S321990.html
西班牙中欧贸易集团,生意,Fuenlabrada,"Calle Matarrosa, 15A, 28947 Fuenlabrada, Madrid, España",电话: 916214783 / 916422368,平台代登记商家信息，商家待认领。公开信息显示为Fuenlabrada地区百货/小商品批发供应商，适合百元店、仓库或相关商家对接货源。资料来自西班牙同城网百货贸易公开页面。,面议,xbyhr.com wholesale directory,https://www.xbyhr.com/S321991.html
鑫源照明,生意,Madrid,calle antonio lópez 158 madrid 28026,电话: 914751411,平台代登记商家信息，商家待认领。公开信息显示为Madrid地区照明、电工或电子类货源供应商，适合百元店、仓库或相关商家对接货源。资料来自西班牙同城网百货贸易公开页面。,面议,xbyhr.com wholesale directory,https://www.xbyhr.com/S322002.html
宝宇汽车用品,生意,Madrid,"c/valdeon,n28",电话: 916420433,平台代登记商家信息，商家待认领。公开信息显示为Madrid地区百货/小商品批发供应商，适合百元店、仓库或相关商家对接货源。资料来自西班牙同城网百货贸易公开页面。,面议,xbyhr.com wholesale directory,https://www.xbyhr.com/S322003.html
德利家具进出口公司,生意,Madrid,CALLE RIO EBURO 7 FUENLABULADA MADERID,电话: 617996822,平台代登记商家信息，商家待认领。公开信息显示为Madrid地区家具/家居类批发供应商，适合百元店、仓库或相关商家对接货源。资料来自西班牙同城网百货贸易公开页面。,面议,xbyhr.com wholesale directory,https://www.xbyhr.com/S322127.html
"OUSDY 欧斯迪(玩具,渔具)批发",生意,Madrid,C/ASTORGA 3,电话: 916423429,平台代登记商家信息，商家待认领。公开信息显示为Madrid地区玩具、礼品、服装或生活用品货源供应商，适合百元店、仓库或相关商家对接货源。资料来自西班牙同城网百货贸易公开页面。,面议,xbyhr.com wholesale directory,https://www.xbyhr.com/S322131.html
尹丽邦贸易公司,生意,Madrid,YILIBANG TEXTIL S.L C/ JUANELO， 11,电话: 915064808,平台代登记商家信息，商家待认领。公开信息显示为Madrid地区百货/小商品批发供应商，适合百元店、仓库或相关商家对接货源。资料来自西班牙同城网百货贸易公开页面。,面议,xbyhr.com wholesale directory,https://www.xbyhr.com/S322132.html
时尚女式珠绣礼服 现货供应 欢迎各大外贸经销商合作,生意,Madrid,,微信: BeadedEveningDress,平台代登记商家信息，商家待认领。公开信息显示为Madrid地区百货/小商品批发供应商，适合百元店、仓库或相关商家对接货源。资料来自西班牙同城网百货贸易公开页面。,面议,xbyhr.com wholesale directory,https://www.xbyhr.com/S418155.html
兄弟鞋业,生意,Fuenlabrada,calle villablino 27 nave 58 28974 fuenlabrada madrid,电话: 916087671；邮箱: ybz6886@hotmail.com,平台代登记商家信息，商家待认领。公开信息显示为Fuenlabrada地区玩具、礼品、服装或生活用品货源供应商，适合百元店、仓库或相关商家对接货源。资料来自西班牙同城网百货贸易公开页面。,面议,xbyhr.com wholesale directory,https://www.xbyhr.com/S322136.html
DI ZE LIN PET HOME宠物用品店,生意,Madrid,,电话: 91 621 44 71；邮箱: dizelinpethome@gmail.com,平台代登记商家信息，商家待认领。公开信息显示为Madrid地区玩具、礼品、服装或生活用品货源供应商，适合百元店、仓库或相关商家对接货源。资料来自西班牙同城网百货贸易公开页面。,面议,xbyhr.com wholesale directory,https://www.xbyhr.com/S322135.html
万客隆,生意,Fuenlabrada,C/ ASTORGA， 11 fuenlabrada,电话: 916214687,平台代登记商家信息，商家待认领。公开信息显示为Fuenlabrada地区百货/小商品批发供应商，适合百元店、仓库或相关商家对接货源。资料来自西班牙同城网百货贸易公开页面。,面议,xbyhr.com wholesale directory,https://www.xbyhr.com/S322134.html
YULENA内衣|IMPORT LENCERIA,生意,Madrid,LA MULALLA LONG C/ESTEBAN SALAZARCHAAPELA，19 POL GUADACHORCE,电话: 915390827,平台代登记商家信息，商家待认领。公开信息显示为Madrid地区玩具、礼品、服装或生活用品货源供应商，适合百元店、仓库或相关商家对接货源。资料来自西班牙同城网百货贸易公开页面。,面议,xbyhr.com wholesale directory,https://www.xbyhr.com/S322133.html
安特照明西班牙总代理 ELEC KAMKAM S.L,生意,Madrid,AV. LAS CANTERAS NO.55 28340 VALDEMORO MADRID,电话: 918753689,平台代登记商家信息，商家待认领。公开信息显示为Madrid地区照明、电工或电子类货源供应商，适合百元店、仓库或相关商家对接货源。资料来自西班牙同城网百货贸易公开页面。,面议,xbyhr.com wholesale directory,https://www.xbyhr.com/S322130.html
西班牙红大厨具集团,生意,Madrid,"AV.ANDULUCIA 531,VALDEMORO ,28343,MADRID Barcelona",电话: 918753564 / 688097366 / 932692921 / 678859596；邮箱: hdcafri@hotmail.com,平台代登记商家信息，商家待认领。公开信息显示为Madrid地区餐饮设备/厨具供应商，适合百元店、仓库或相关商家对接货源。资料来自西班牙同城网百货贸易公开页面。,面议,xbyhr.com wholesale directory,https://www.xbyhr.com/S321979.html
西班牙华润集团,生意,Madrid,REGAL L1U S.L AV. MAS DEL 0LI，78A,电话: 961542029,平台代登记商家信息，商家待认领。公开信息显示为Madrid地区百货/小商品批发供应商，适合百元店、仓库或相关商家对接货源。资料来自西班牙同城网百货贸易公开页面。,面议,xbyhr.com wholesale directory,https://www.xbyhr.com/S321862.html
瑞安,生意,Madrid,C/ CUBA， 60-62 BAJO,电话: 963418370,平台代登记商家信息，商家待认领。公开信息显示为Madrid地区百货/小商品批发供应商，适合百元店、仓库或相关商家对接货源。资料来自西班牙同城网百货贸易公开页面。,面议,xbyhr.com wholesale directory,https://www.xbyhr.com/S321859.html
雄风贸易,生意,Madrid,MAS DEL OLI， 25,电话: 963049080,平台代登记商家信息，商家待认领。公开信息显示为Madrid地区百货/小商品批发供应商，适合百元店、仓库或相关商家对接货源。资料来自西班牙同城网百货贸易公开页面。,面议,xbyhr.com wholesale directory,https://www.xbyhr.com/S321857.html
金太阳贸易,生意,Madrid,C/ AVDA DE LA COVA 162,电话: 961522343,平台代登记商家信息，商家待认领。公开信息显示为Madrid地区百货/小商品批发供应商，适合百元店、仓库或相关商家对接货源。资料来自西班牙同城网百货贸易公开页面。,面议,xbyhr.com wholesale directory,https://www.xbyhr.com/S321854.html
长城龙贸易有限公司,生意,Madrid,LA MULALLA LONG C/ESTEBAN SALAZARCHAAPELA，19 POL GUADACHORCE,电话: 952234929,平台代登记商家信息，商家待认领。公开信息显示为Madrid地区百货/小商品批发供应商，适合百元店、仓库或相关商家对接货源。资料来自西班牙同城网百货贸易公开页面。,面议,xbyhr.com wholesale directory,https://www.xbyhr.com/S321847.html
IMPOLOR CENSOL S.L,生意,Madrid,AV/ANDALUCIA 42,电话: 659856880,平台代登记商家信息，商家待认领。公开信息显示为Madrid地区百货/小商品批发供应商，适合百元店、仓库或相关商家对接货源。资料来自西班牙同城网百货贸易公开页面。,面议,xbyhr.com wholesale directory,https://www.xbyhr.com/S321845.html
意高迈,生意,Madrid,c/carre ampre,电话: 691830798,平台代登记商家信息，商家待认领。公开信息显示为Madrid地区百货/小商品批发供应商，适合百元店、仓库或相关商家对接货源。资料来自西班牙同城网百货贸易公开页面。,面议,xbyhr.com wholesale directory,https://www.xbyhr.com/S321844.html
